K multiplier;R delta;Objective value;Constructive time [ms];Exchange time [ms]
-25%;-50;8530;0.394;95.048
-25%;-40;9330;0.242;102.453
-25%;-30;10070;0.306;81.675
-25%;-20;10770;0.317;115.673
-25%;-10;11470;0.318;112.444
-25%;0;12170;0.365;114.147
-25%;10;12870;0.266;141.002
-25%;20;13500;0.282;128.300
-25%;30;14020;0.278;158.271
-25%;40;14400;0.283;143.223
-25%;50;14680;0.258;138.002
-20%;-50;8530;0.305;63.309
-20%;-40;9330;0.236;73.875
-20%;-30;10070;0.227;108.337
-20%;-20;10770;0.234;102.448
-20%;-10;11470;0.227;105.511
-20%;0;12170;0.195;117.417
-20%;10;12870;0.195;118.558
-20%;20;13510;0.363;122.809
-20%;30;14110;0.239;151.735
-20%;40;14660;0.253;151.363
-20%;50;15030;0.212;170.637
-15%;-50;8530;0.192;71.547
-15%;-40;9330;0.348;79.909
-15%;-30;10070;0.205;105.313
-15%;-20;10770;0.184;90.841
-15%;-10;11470;0.202;98.869
-15%;0;12170;0.227;112.771
-15%;10;12870;0.180;114.453
-15%;20;13510;0.188;135.246
-15%;30;14110;0.216;138.131
-15%;40;14710;0.193;157.101
-15%;50;15250;0.189;162.797
-10%;-50;8530;0.183;69.446
-10%;-40;9330;0.223;80.561
-10%;-30;10070;0.301;98.065
-10%;-20;10770;0.181;93.923
-10%;-10;11470;0.171;105.732
-10%;0;12170;0.173;111.266
-10%;10;12870;0.177;128.282
-10%;20;13510;0.176;156.600
-10%;30;14110;0.172;138.014
-10%;40;14710;0.177;142.436
-10%;50;15310;0.185;154.580
-5%;-50;8530;0.173;64.262
-5%;-40;9330;0.197;96.554
-5%;-30;10070;0.179;86.096
-5%;-20;10770;0.173;96.581
-5%;-10;11470;0.200;116.507
-5%;0;12170;0.178;128.294
-5%;10;12870;0.185;129.697
-5%;20;13510;0.171;154.524
-5%;30;14110;0.249;142.072
-5%;40;14710;0.191;145.149
-5%;50;15310;0.168;153.784
0%;-50;8530;0.172;63.568
0%;-40;9330;0.167;99.535
0%;-30;10070;0.196;81.122
0%;-20;10770;0.170;92.238
0%;-10;11470;0.168;100.186
0%;0;12170;0.172;112.579
0%;10;12870;0.173;149.254
0%;20;13510;0.210;129.565
0%;30;14110;0.167;133.941
0%;40;14710;0.173;145.240
0%;50;15310;0.171;207.895
5%;-50;8530;0.180;83.501
5%;-40;9330;0.179;82.441
5%;-30;10070;0.177;92.070
5%;-20;10770;0.165;102.817
5%;-10;11470;0.196;102.015
5%;0;12170;0.228;116.207
5%;10;12870;0.170;126.191
5%;20;13510;0.256;135.149
5%;30;14110;0.167;145.993
5%;40;14710;0.170;153.582
5%;50;15310;0.169;154.665
10%;-50;8530;0.188;74.243
10%;-40;9330;0.245;84.000
10%;-30;10070;0.167;84.532
10%;-20;10770;0.171;89.950
10%;-10;11470;0.164;104.455
10%;0;12170;0.175;111.971
10%;10;12870;0.441;128.137
10%;20;13510;0.167;156.146
10%;30;14110;0.171;141.463
10%;40;14710;0.165;143.768
10%;50;15310;0.218;154.416
15%;-50;8530;0.165;62.715
15%;-40;9330;0.168;88.929
15%;-30;10070;0.272;92.437
15%;-20;10770;0.195;91.721
15%;-10;11470;0.164;99.219
15%;0;12170;0.166;114.448
15%;10;12870;0.164;120.639
15%;20;13510;0.165;142.366
15%;30;14110;0.168;140.934
15%;40;14710;0.176;158.398
15%;50;15310;0.160;154.992
20%;-50;8530;0.140;69.149
20%;-40;9330;0.163;98.426
20%;-30;10070;0.184;90.287
20%;-20;10770;0.124;94.039
20%;-10;11470;0.127;102.914
20%;0;12170;0.121;110.774
20%;10;12870;0.121;113.594
20%;20;13510;0.122;139.728
20%;30;14110;0.126;133.373
20%;40;14710;0.131;141.670
20%;50;15310;0.126;152.776
25%;-50;8530;0.118;62.982
25%;-40;9330;0.119;90.083
25%;-30;10070;0.117;80.770
25%;-20;10770;0.120;89.243
25%;-10;11470;0.120;96.647
25%;0;12170;0.118;116.272
25%;10;12870;0.127;117.024
25%;20;13510;0.120;139.620
25%;30;14110;0.162;147.373
25%;40;14710;0.124;155.595
25%;50;15310;0.122;163.841
